Language,	English,	French
STR_WC_TEAM0,	"Mercenary",	"Mercenaire"
STR_WC_TEAM1,	"Hero team",	"Heroe team"
STR_WC_TEAM2,	"Elite team",	"Elite team"
STR_WC_TEAM3,	"Experienced team",	"Experienced team"
STR_WC_TEAM4,	"Confirmed team",	"Confirmed team"
STR_WC_TEAM5,	"Noob team",	"Noobs team"
STR_WC_TEAM6,	"Calamity team",	"Calamity team"
STR_WC_TEAM7,	"Bastard team",	"Bastard team"
STR_WC_TEAM8,	"Asshole team",	"Asshole team"
STR_WC_ASSHOLETEAM,		"A rating of 'Asshole Team' means that the players are not cooperating. They do what they want and cause far too much random damage. Be aware this rating may have been caused by team killing, or the team is losing extremly badly.",	"Asshole team signifie que cette partie n est pas cooperative. Les joueurs font ce qu ils veulent et certainement pas ce qu il faut. Ils detruisent tout ce qu ils voient. Vous devriez vous deconnecter de ce serveur car il y a certainement plein de team killers"
STR_WC_BASTARDTEAM,		"A rating of 'Bastard Team' means that the team is not performing successfully or have been extremely unlucky. Players are most likely working as individuals rather than a team. They may have won a few points that way but this is a team mission, so they are losing.",	"Bastard team signifie que les actions des joueurs sont stupides. Les joueurs font ce qu ils veulent et meme si ca n est pas vraiment une equipe ils gagnent des points"
STR_WC_CALAMITYTEAM,	"A rating of 'Calamity Team' means that the team is either disfunctional or unlucky. Players respawn in base too often, rush to objectives, or make bad strategic choices.",	"Calamity team signifie que les actions de l'equipe sont peines perdues. Les joueurs respawnent souvent a la base, rush sur les objectifs, ou on une mauvaise strategie d equipe"
STR_WC_NOOBTEAM,		"A rating of 'Noob Team' is the rating for starting teams who have only just begun the mission. It is important you work together as a team and think strategically and tactically. Follow the orders of the team leader.",	"Noob team signifie que la team commence le jeu ou essaie de se maintenir au niveau. Essayez de suivre les actions de l'equipe, et de soutenir les actions de groupe pour atteindre le rang au dessus."
STR_WC_CONFIRMEDTEAM,	"A rating of 'Confirmed Team' indicates a team that has had some success and tries hard to complete the mission, and take strategic actions, but they still have a way to go to become experienced.",	"Les membres de l'equipe sont confirmes. Ils essaient de terminer la mission, font des actions strategiques, mais doivent s entrainer pour atteindre un rang superieur."
STR_WC_EXPERIENCEDTEAM,	"Members of an 'Experienced Team' play well together as a unit. They complete the missions, but experienced is not yet elite, so they can still improve.",	"Les membres de l'equipe jouent ensemble et bien. Ils terminent les missions, mais ne tuent pas assez d enemis pour etre une grande equipe."
STR_WC_ELITETEAM,		"Members of an 'Elite Team' are a tight-knit unit operating with a high level of skill and co-ordination. If you have achieved this level, your team is very good.",	"Les membres de l'equipe sont des elites. Ils jouent ensemble et ont un tres haut niveau. Si vous avez ce niveau, votre equipe est tres bonne."
STR_WC_HEROETEAM,		"Members of a 'Hero Team' are probably one of the best teams of the Arma community. There aren't many teams with this level of skill out there!",	"Les membres de l'equipe sont des heros. Votre equipe est l une des meilleurs de la communaute arma. Il y a peu d equipes qui ont votre niveau!"
STR_WC_TRANSFERTPOINT,	"You have to transfer %1 points to other players!",	"Vous devez transferer %1 points aux autres joueurs!"
STR_WC_SHAREPOINTS,		"Give somes points to others players through the mission info menu when you think they do a good job.",	"Distribuez des points aux autres joueurs via le menu mission info quand vous pensez qu ils ont bien joue."
STR_WC_MISSION0,	"Intel has located an enemy nuclear scud launcher. We believe that it is in the processes of being fueled. Take the scud launcher out!",	"Intel a localisé un ennemi lanceur nucléaire scud. Nous croyons que c'est dans les processus d'être alimenté. Prenez le lanceur scud sur!"
STR_WC_MISSION1,	"Destroy an enemy %1.",	"Détruire un ennemi de %1."
STR_WC_MISSION2,	"Rob an enemy %1.",	"Voler un ennemi à %1."
STR_WC_MISSION3,	"Sabotage an enemy %1. Do not get caught!",	"Sabotage d'un %1 ennemi. Ne pas se faire attraper!"
STR_WC_MISSION4,	"Raid the airfield and destroy an enemy %1.",	"Raid de l'aérodrome et de détruire un ennemi %1."
STR_WC_MISSION5,	"Raid the airfield and rob an enemy %1.",	"Raid de l'aérodrome et de voler un ennemi %1."
STR_WC_MISSION6,	"Sabotage an enemy %1. Do not get caught!",	"Sabotage d'un %1 ennemi. Ne pas se faire attraper!"
STR_WC_MISSION7,	"A friendly %1 was knocked out in the area. Destroy it before it falls into enemy hands.",	"A %1 amiable a été éliminé dans la région. Détruisez-le avant qu'il ne tombe entre des mains ennemies."
STR_WC_MISSION8,	"A friendly %1 was knocked out in the area. Retrieve it before it falls into enemy hands.",	"A %1 amiable a été éliminé dans la région. Récupérez-le avant qu'il ne tombe entre des mains ennemies."
STR_WC_MISSION9,	"The enemy has knocked out an %1. Head to the area and sabotage it before they move it. Do not get caught!",	"L'ennemi a assommé d'un %1. Dirigez-vous vers la zone et le saboter avant de le déplacer. Ne pas se faire attraper!"
STR_WC_MISSION10,	"The enemy has a %1. Raid the airfield and destroy it.",	"L'ennemi a %1. Raid de l'aérodrome et de la détruire."
STR_WC_MISSION11,	"The enemy has forced down an %1. Retrieve it.",	"L'ennemi a fait baisser d'un %1. Récupérez-le."
STR_WC_MISSION12,	"The enemy has a %1. Go to the airfield and sabotage it. Do not get caught!",	"L'ennemi a %1. Aller à l'aérodrome et de le saboter. Ne pas se faire attraper!"
STR_WC_MISSION13,	"Enemy armor is using these fuel pumps to fuel their light and heavy armor. Destroy the fuel pumps.",	"Armure de l'ennemi se sert de ces pompes à carburant pour alimenter leur lumière et une armure lourde. Détruire les pompes à essence."
STR_WC_MISSION14,	"The enemy has offloaded large amounts of fuel from their ships. These tanks are holding the fuel until it can be transported. Knocking out the fuel tanks would strike a major blow.",	"L'ennemi a déchargé de grandes quantités de carburant à partir de leurs navires. Ces réservoirs sont maintenant le carburant jusqu'à ce qu'il puisse être transporté. Assommant les réservoirs de carburant serait frapper un grand coup."
STR_WC_MISSION15,	"Destroy the enemy barracks.",	"Détruisez la caserne ennemie."
STR_WC_MISSION16,	"A high level Russian commander is in the area visiting the front line. Take him out.",	"Un commandant de haut niveau russe est dans la zone de visiter la ligne de front. Faites-le sortir."
STR_WC_MISSION17,	"Intel has found the location of an Insurgent commander. Killing him would be a major blow to the Insurgent command.",	"Intel a trouvé l'emplacement de un commandant de l'Insurgent. Le tuer serait un coup dur pour la commande des insurgés."
STR_WC_MISSION18,	"Kill a Russian officer.",	"Tuer un officier russe."
STR_WC_MISSION19,	"Kill a Insurgent officer.",	"Tuer un agent des insurgés."
STR_WC_MISSION20,	"Intel has located a high level Russian commander in the area. The information he could provide would be valuable. Capture him.",	"Intel a localisé un commandant russe de haut niveau dans la région. Les informations qu'il pourrait fournir serait utile. Le capturer."
STR_WC_MISSION21,	"Intel has located a high level Insurgent commander in the area. The information he could provide would be valuable. Capture him.",	"Intel a localisé un commandant de haut niveau des insurgés dans la région. Les informations qu'il pourrait fournir serait utile. Le capturer."
STR_WC_MISSION22,	"Capture a Russian officer.",	"Capture d'un officier russe."
STR_WC_MISSION23,	"Capture a Insurgent officer.",	"Capture d'un officier des insurgés."
STR_WC_MISSION24,	"Intel has found out that a local who has been giving us information is actually a spy. Take him out.",	"Intel a découvert qu'un local qui a été de nous donner l'information est en fait un espion. Faites-le sortir."
STR_WC_MISSION25,	"Locals have reported that suicide bomber is in the area. Clear the area and take out the suicide bomber.",	"Les sections locales ont rapporté que kamikaze est dans la région. Dégagez la zone et sortir le kamikaze."
STR_WC_MISSION26,	"This town is an enemy strong hold. Intel believes that if we can cause a rift in the local populace. Assasinate a civilian. This must look like a civlian did it.",	"Cette ville est une attente forte ennemi. Intel estime que si l'on peut provoquer une rupture dans la population locale que nous pouvons gagner intel de la population locale. Assassiner un civil. Cela doit ressembler à un civlian il l'a fait."
STR_WC_MISSION27,	"We need to bring in a civilian for interrogation. Clear the area and capture him.",	"Nous avons besoin de faire appel à un civil pour interrogatoire. Dégagez la zone et le capturer."
STR_WC_MISSION28,	"A UH1 was brought down over Chernarus by enemy fire. The pilot is still alive and being held. Clear the area and rescue him.",	"Un UH1 a été abattu au-dessus Chernarus par le feu ennemi. Le pilote est toujours en vie et détenus. Dégagez la zone et le sauver."
STR_WC_MISSION29,	"A C130 was brought down over Chernarus by enemy fire. The pilot is still alive and being held. Clear the area and rescue him.",	"Un C130 a été abattu au-dessus Chernarus par le feu ennemi. Le pilote est toujours en vie et détenus. Dégagez la zone et le sauver."
STR_WC_MISSION30,	"The enemy has captured a high ranking USMC officer. He is still in the area. Clear the area and rescue him.",	"L'ennemi a capturé un officier de haut rang USMC. Il est toujours dans la région. Dégagez la zone et le sauver."
STR_WC_MISSION31,	"Defend the area. Goto the bunker and defend the area from an enemy attack.",	"Défendre la région. Aller à la soute et défendre la zone d'une attaque ennemie."
STR_WC_MISSION32,	"Enemy forces are moving in on a communications tower. Goto the tower and defend the area from an enemy attack.",	"Les forces ennemies se déplacent dans une tour de télécommunications. Aller à la tour et défendre la zone d'une attaque ennemie."
STR_WC_MISSION33,	"Enemy forces have launched an offensive on the airfield. Goto the control tower and defend the area from an enemy attack.",	"Les forces ennemies ont lancé une offensive sur le terrain d'aviation. Aller à la tour de contrôle et de défendre la région contre une attaque ennemie."
STR_WC_MISSION34,	"Defend the factory area. Goto the factory and defend the area from an enemy attack.",	"Défendre la zone de l'usine. Aller à l'usine et défendre la zone d'une attaque ennemie."
STR_WC_MISSION35,	"Enemy forces are moving in on the castle for a fortified position. Goto the castle and defend the area from an enemy attack.",	"Les forces ennemies se déplacent dans le château pour une position fortifiée. Goto le château et défendre la zone d'une attaque ennemie."
STR_WC_MISSION36,	"A force recon team is holding an airfield control tower. Enemy forces are launching an offensive to retake the airfield. Goto the force recon team and defend the area from and enemy attack.",	"Une équipe Force Recon est la tenue d'une tour de contrôle d'aérodrome. Les forces ennemies lancent une offensive pour reprendre le terrain d'aviation. Aller à la force de reconstruire l'équipe et défendre la zone des attaques de l'ennemi et."
STR_WC_MISSION37,	"Destroy the Russian radio tower.",	"Détruire la tour de la radio russe."
STR_WC_MISSION38,	"Sabotage the Russian radio tower. Don't get caught.",	"Saboter le tour de la radio russe. Ne pas se faire attraper."
STR_WC_MISSION39,	"Destroy the power generator in the area.",	"Détruisez le générateur de puissance dans la région."
STR_WC_MISSION40,	"Destroy the Russian UAV terminal.",	"Détruire le terminal russe de drones."
STR_WC_MISSION41,	"We need a military hospital built in the area. Secure the area and build it.",	"Nous avons besoin d'un hôpital militaire construit dans la région. Sécuriser la zone et le construire."
STR_WC_MISSION42,	"High command wants a radar tower built in the area. Clear the area and build it.",	"Haut commandement veut une tour radar construit dans la région. Dégagez la zone construite."
STR_WC_MISSION43,	"Our vehicles need a service point built in the area. Secure the area and build it.",	"Nos véhicules ont besoin d'un point de service construits dans la région. Sécuriser la zone et l'a construit."
STR_WC_MISSION44,	"We need a FOB built in this area. Clear the area and build a bunker.",	"Nous avons besoin d'une FOB construit dans ce domaine. Dégagez la zone et construit un bunker."
STR_WC_MISSION45,	"Secure the airfield. Kill all enemy forces in the zone.",	"Fixez le terrain d'aviation. Tuez toutes les forces ennemies dans la zone."
STR_WC_MISSION46,	"Secure the dam. Kill all enemy forces in the zone.",	"Fixez le barrage. Tuez toutes les forces ennemies dans la zone."
STR_WC_MISSION47,	"Secure the castle. Kill all enemy forces in the zone.",	"Fixez le château. Tuez toutes les forces ennemies dans la zone."
STR_WC_MISSION48,	"We have located a mobile Russian HQ in the area. Destroy it.",	"Nous avons localisé un mobile russe QG dans la région. Détruisez-le."
STR_WC_MISSION49,	"We have located a mobile Insurgent HQ in the area. Destroy it.",	"Nous avons trouvé un QG des insurgés mobiles dans la région. Détruisez-le."
STR_WC_MISSION50,	"A Russian heavy armor repair center is in the area. Destroy it.",	"Un Russe centre de réparation lourde armure est dans la région. Détruisez-le."
STR_WC_MISSION51,	"An Insurgent heavy armor repair center is in the area. Destroy it.",	"Un insurgé centre de réparation lourde armure est dans la région. Détruisez-le."
STR_WC_MISSION52,	"A Russian light factory is in the area. Destroy it.",	"Une usine d'industrie légère russe dans la région. Détruisez-le."
STR_WC_MISSION53,	"An Insurgent light factory is in the area. Destroy it.",	"Une usine est la lumière des insurgés dans la région. Détruisez-le."
STR_WC_MISSION54,	"Destroy an enemy vehicle service point.",	"Détruire un ennemi point de service du véhicule."
STR_WC_MISSION55,	"Intel has learned the location of a Russian infantry barracks. Destroy it.",	"Intel a appris l'emplacement d'une caserne d'infanterie russe. Détruisez-le."
STR_WC_MISSION56,	"A Russian field hospital is in the area. Take it out.",	"Un hôpital de campagne russe dans la région. Sortez-le."
STR_WC_MISSION57,	"A Russian air factory has been located in the area. Destroy it.",	"Une usine de l'air russe a été localisé dans la région. Détruisez-le."
STR_WC_MISSION58,	"Intel has spotted a Russian anti-air site in the area. Taking it out would help our pilots. Destroy it.",	"Intel a repéré un Russe anti-aérienne du site dans la zone. Le sortir aiderait à nos pilotes. Détruisez-le."
STR_WC_MISSION59,	"Enemy forces are guarding a small fuel dump in the are. Destroy it.",	"Les forces ennemies sont la garde d'un petit dépôt de carburant dans le sommes. Détruisez-le."
STR_WC_MISSION60,	"Intel has learned the location of a Spetsnaz groups base of operations. Take them out and destroy their transport helicopter.",	"Intel a appris l'emplacement des groupes Spetsnaz une base d'opérations. Sortez-les et détruire leur hélicoptère de transport."
STR_WC_MISSION61,	"Intel has spotted an APC group loading up in the area. Destroy the group and their APC.",	"Intel a repéré un groupe APC chargement dans la région. Détruire le groupe et leur APC."
STR_WC_MISSION62,	"We need intel on enemy movements. Goto the zone and steal the document. Do not get caught.",	"Nous avons besoin d'Intel sur les mouvements de l'ennemi. Aller à la zone et de voler le document. Ne pas se faire attraper."
STR_WC_MISSION63,	"Higher ups think that helping the locals will help us win over the locals. Goto the area and heal them.",	"La hausse des hauts pense qu'aider aider les gens du pays nous aidera à gagner les habitants. Aller à la zone et les guérir."
STR_WC_MISSION64,	"We just got word that civilians are were caught up in a fire fight. Some were wounded. Goto the area and rescue 10 civilians in a MASH.",	"Nous venons d'apprendre que les civils sont ont été pris dans une fusillade. Certains ont été blessés. Aller à la zone et à sauver 10 civils dans un MASH."
STR_WC_MISSION65,	"Local civilians have reported an IED in the area. Goto the area and defuse it.",	"Civils locaux ont rapporté un IED dans la région. Aller à la zone et la désamorcer."
STR_WC_MISSION66,	"A FOB is in need of an ammo resupply. An ammo truck will be spawned near you. Bring the ammo truck to the FOB.",	"Un FOB a besoin d'un réapprovisionnement des munitions. Un camion de munitions seront pondus près de chez vous. Amenez le camion de munitions à la FOB."
STR_WC_MISSION67,	"A civilian doctor is in need of an escort to a hostile area. Clear the area and escort him to the MASH.",	"Un médecin civil a besoin d'une escorte pour une zone hostile. Dégagez la zone et l'escorter à l'MASH."
STR_WC_MISSION68,	"Intel has received information that a high level Russian general and his Insurgent equivalent counterpart are meeting in the area. Goto the zone and record the conversation. Do not get caught.",	"Intel a reçu des informations selon un high niveau général russe et son homologue insurgés équivalent sont réunis dans la région. Aller à la zone et l'enregistrement de la conversation. Ne pas se faire attraper."
STR_WC_MISSION69,	"Intel has spotted an enemy armor group in the area. Destroy all the %1 in the area.",	"Intel a repéré un groupe de blindés ennemis dans la zone. Détruisez tous les %1 dans la zone."
STR_WC_MISSION70,	"Intel has spotted an enemy apc group in the area. Destroy all the %1 in the area.",	"Intel a repéré un groupe apc ennemi dans la région. Détruisez tous les %1 dans la zone."
STR_WC_MISSION71,	"The enemy has an ammo cache in the area. Destroy all the ammo boxes in the area.",	"L'ennemi dispose d'un cache de munitions dans la région. Détruisez toutes les boîtes de munitions dans la région."
STR_WC_MISSION72,	"Intel has learned the position of a new enemy fire base. Raid the area and destroy all the enemy artillery pieces.",	"Intel a appris la position d'une base de feu nouvel ennemi. Raid de la région et détruire toutes les pièces d'artillerie ennemies."
STR_WC_MISSION100,	"Final mission: Intel has identified where the highest ranking Russian General in Chernarus is based. Killing him would strike a massive blow to the Russian army and their Insurgent allies in Chernarus effectivly ending the war. Raid the area and kill him.",	"Dernière mission: Intel a identifié où la plus élevée Classement général russe en Chernarus est basé. Le tuer serait un coup énorme à l'armée russe et ses alliés insurgés en Chernarus effectivly fin à la guerre. Raid de la zone et tuez-le."
STR_WCSHORT_MISSION0,	"Destroy a nuclear launcher",	"Détruisez un lanceur nucléaire"
STR_WCSHORT_MISSION1,	"Destroy a vehicle",	"Détruisez un véhicule"
STR_WCSHORT_MISSION2,	"Rob a vehicle",	"Voler un véhicule"
STR_WCSHORT_MISSION3,	"Sabotage a vehicle",	"Sabotage d'un véhicule"
STR_WCSHORT_MISSION4,	"Destroy a airplane",	"Détruire un avion"
STR_WCSHORT_MISSION5,	"Rob a airplane",	"Voler un avion"
STR_WCSHORT_MISSION6,	"Sabotage a airplane",	"Sabotage d'un avion"
STR_WCSHORT_MISSION7,	"Destroy a vehicle",	"Détruisez un véhicule"
STR_WCSHORT_MISSION8,	"Rob a vehicle",	"Voler un véhicule"
STR_WCSHORT_MISSION9,	"Sabotage a vehicle",	"Sabotage d'un véhicule"
STR_WCSHORT_MISSION10,	"Destroy a airplane",	"Détruire un avion"
STR_WCSHORT_MISSION11,	"Rob a airplane",	"Voler un avion"
STR_WCSHORT_MISSION12,	"Sabotage a airplane",	"Sabotage d'un avion"
STR_WCSHORT_MISSION13,	"Destroy a fuel station",	"Détruire une station d'essence"
STR_WCSHORT_MISSION14,	"Destroy a fuel tank",	"Détruisez un réservoir de carburant"
STR_WCSHORT_MISSION15,	"Destroy a barrack",	"Détruisez une caserne"
STR_WCSHORT_MISSION16,	"Kill a Russian commander",	"Tuer un commandant russe"
STR_WCSHORT_MISSION17,	"Kill a Insurgent commander",	"Tuer un commandant Insurgé"
STR_WCSHORT_MISSION18,	"Kill a Russian officer",	"Tuer un officier russe"
STR_WCSHORT_MISSION19,	"Kill a Insurgent officer",	"Tuer un agent des insurgés"
STR_WCSHORT_MISSION20,	"Capture a Russian commander",	"Capture d'un commandant russe"
STR_WCSHORT_MISSION21,	"Capture a Insurgent commander",	"Capture d'un commandant Insurgé"
STR_WCSHORT_MISSION22,	"Capture a Russian officer",	"Capture d'un officier russe"
STR_WCSHORT_MISSION23,	"Capture a Insurgent officer",	"Capture d'un officier des insurgés"
STR_WCSHORT_MISSION24,	"Kill the spy",	"Tuer l'espion"
STR_WCSHORT_MISSION25,	"Eliminate suicide bomber",	"Éliminer kamikaze"
STR_WCSHORT_MISSION26,	"Kill a civilian",	"Tuer un civil"
STR_WCSHORT_MISSION27,	"Capture a civilian",	"Capturez un civil"
STR_WCSHORT_MISSION28,	"Rescue a UH1 pilot",	"Sauvez un pilote UH1"
STR_WCSHORT_MISSION29,	"Rescue a C130 pilot",	"Sauvez un pilote C130"
STR_WCSHORT_MISSION30,	"Rescue an officer",	"Sauvez un officier"
STR_WCSHORT_MISSION31,	"Defend the bunker",	"Défendre le bunker"
STR_WCSHORT_MISSION32,	"Defend the tower",	"Défendre la tour"
STR_WCSHORT_MISSION33,	"Defend the control tower",	"Défendre la tour de contrôle"
STR_WCSHORT_MISSION34,	"Defend the factory",	"Défendre l'usine"
STR_WCSHORT_MISSION35,	"Defend the castle",	"Défendre le château"
STR_WCSHORT_MISSION36,	"Secure a control tower",	"Fixez une tour de contrôle"
STR_WCSHORT_MISSION37,	"Destroy a radio tower",	"Détruire une tour de radio"
STR_WCSHORT_MISSION38,	"Sabotage a radio tower",	"Sabotage d'un pylône radio"
STR_WCSHORT_MISSION39,	"Destroy a generator",	"Détruisez un générateur"
STR_WCSHORT_MISSION40,	"Destroy an UAV terminal",	"Détruisez n UAV borne"
STR_WCSHORT_MISSION41,	"Build a military hospital",	"Construire un hôpital militaire"
STR_WCSHORT_MISSION42,	"Build a radar",	"Construire un radar"
STR_WCSHORT_MISSION43,	"Build a service point",	"Construire un point de service"
STR_WCSHORT_MISSION44,	"Build a bunker",	"Construire un bunker"
STR_WCSHORT_MISSION45,	"Secure the airfield",	"Fixez l'aérodrome"
STR_WCSHORT_MISSION46,	"Secure a dam",	"Fixer un barrage"
STR_WCSHORT_MISSION47,	"Secure the castle",	"Fixez le château"
STR_WCSHORT_MISSION48,	"Destroy a Russian HQ",	"Détruisez un russe hq"
STR_WCSHORT_MISSION49,	"Destroy a Insurgent HQ",	"Détruisez un hq insurgés"
STR_WCSHORT_MISSION50,	"Destroy the heavy factory",	"Détruire l'usine lourde"
STR_WCSHORT_MISSION51,	"Destroy the heavy factory",	"Détruire l'usine lourde"
STR_WCSHORT_MISSION52,	"Destroy the light factory",	"Détruire l'usine lumière"
STR_WCSHORT_MISSION53,	"Destroy the light factory",	"Détruire l'usine lumière"
STR_WCSHORT_MISSION54,	"Destroy the service point",	"Détruisez le point de service"
STR_WCSHORT_MISSION55,	"Destroy the barrack",	"Détruisez le point de service"
STR_WCSHORT_MISSION56,	"Destroy the field hospital",	"Détruisez l'hôpital de campagne"
STR_WCSHORT_MISSION57,	"Destroy the air factory",	"Détruire l'usine d'air"
STR_WCSHORT_MISSION58,	"Destroy the radar",	"Détruisez le radar"
STR_WCSHORT_MISSION59,	"Destroy a fuel tank",	"Détruisez un réservoir de carburant"
STR_WCSHORT_MISSION60,	"Destroy a Spetsnaz group",	"Détruire un groupe spetsnaz"
STR_WCSHORT_MISSION61,	"Destroy a apc group",	"Détruire un groupe apc"
STR_WCSHORT_MISSION62,	"Steal a secret document",	"Voler un document secret"
STR_WCSHORT_MISSION63,	"Heal a civilian",	"Guérir un civil"
STR_WCSHORT_MISSION64,	"Rescue 10 civilians",	"Rescue 10 civils"
STR_WCSHORT_MISSION65,	"Defuse a IED",	"Désamorcer un engin explosif improvisé"
STR_WCSHORT_MISSION66,	"Bring an ammo truck",	"Apportez un camion de munitions"
STR_WCSHORT_MISSION67,	"Escort a doctor",	"Escorter un médecin"
STR_WCSHORT_MISSION68,	"Record a conversation",	"Enregistrer une conversation"
STR_WCSHORT_MISSION69,	"Destroy all tanks",	"Détruire tous les tanks"
STR_WCSHORT_MISSION70,	"Destroy all apcs",	"Détruisez tous les apcs"
STR_WCSHORT_MISSION71,	"Destroy all ammo caches",	"Détruisez tous les caches de munitions"
STR_WCSHORT_MISSION72,	"Destroy all artillery pieces",	"Détruisez toutes les pièces d'artillerie"
STR_WCSHORT_MISSION100,	"Final: Kill the Russian general",	"Finale: Tuer le général russe"
STR_WC_TITLE_MISSION,						"War in Chernarus",	"War in Chernarus"
STR_WC_CALLREINFORCEMENT,					"Incoming reinforcements",	"Des renforts attaquent"
STR_WC_BUTTONBUILD,							"Build",	"Construire"
STR_WC_BUTTONCLOSE,							"Close",	"Fermer"
STR_WC_MENUOPERATIONPLAN,					"Combat operation plan",	"Combat operation plan"
STR_WC_MENUHALOJUMP,						"Halo Jump",	"Halo Jump"
STR_WC_MENUBUILDTRENCH,						"Dig trench",	"Creuser une tranchee"
STR_WC_MENUREPAIRVEHICLE,					"Repair Vehicle",	"Reparer le vehicule"
STR_WC_MENUREPAIRVEHICLE2,					"Repair Vehicle: %1",	"Reparer le vehicule: %1"
STR_WC_MENUUNLOCKVEHICLE,					"Lock/Unlock Vehicle",	"Verrouiller/Deverouiller le vehicule"
STR_WC_MENUUNFLIPVEHICLE,					"Unflip Vehicle",	"Retourner le vehicule"
STR_WC_MENUCHOOSEMISSION,					"Check operation plan",	"Check operation plan"
STR_WC_MENUWELCOMEBASE,						"Welcome to base",	"Bienvenue a la base"
STR_WC_MENUTAKEWEAPONS,						"Take some weapons at ammobox and wait for orders.",	"Prenez une arme dans la caisse et attendez les ordres."
STR_WC_MENUKINDOFGAME,						"This mission is currently played as %1 game.",	"Cette mission est jouee en difficulte %1."
STR_WC_MENUBUILD,							"Building",	"Construction"
STR_WC_MENURECRUITMENT,						"Recruitment",	"Recrutement"
STR_WC_MENURECRUITASTEAMMENBER,				"You have been recruited as team member",	"Vous avez ete recrute comme membre de l'equipe"
STR_WC_MENUFIREDASTEAMMENBER,				"You have been fired of the team members",	"Vous avez ete viré des membres de l'equipe"
STR_WC_MENUFOLLOWTHELEADER,					"Follow the team leader's instructions as your actions impact the team score",	"Suivez les instructions du leader car vos actes impactent le score de l'equipe maintenant"
STR_WC_MENUFOLLOWTHELEADERTOBERECRUIT,		"Follow the team leader's instructions if you want to be recruit in the team",	"Suivez les instructions du leader si vous souhaitez revenir dans l'équipe"
STR_WC_MENUTEAMMANAGEMENT,					"Recruits",	"Recrues"
STR_WC_MENUSPECTATOR,						"Spectator Mode",	"Mode spectateur"
STR_WC_MENUCANCELMISSION,					"Cancel Mission",	"Cancel Mission"
STR_WC_MENUDEPLOYTENT,						"Deploy a tent",	"Deployer une tente"
STR_WC_MENUBOMBING,							"Bombing support",	"Bombardement"
STR_WC_MENULOADOUTPRESET,					"Choose your custom preset",	"Choisissez votre equipement"
STR_WC_MESSAGEWASKILLED,					"Soldier %1 was killed: -1 point",	"Le soldat %1 a ete tue: -1 point"
STR_WC_MESSAGEMISSIONINITIALIZED,			"Client Initialized",	"Client Initialisee"
STR_WC_MESSAGERESPAWNTOBASE,				"%1 has respawned to main base!",	"%1 a respawn a la base!"
STR_WC_MESSAGERESPAWNTOTENT,				"%1 has respawned to his tent!",	"%1 a respawn a sa tente!"
STR_WC_MESSAGERESPAWNTOHQ,					"%1 has respawned to Mobile HQ!",	"%1 a respawn au HQ!"
STR_WC_MESSAGEGOTABLAME,					"%1 has received blame!",	"%1 a recu un blame !"
STR_WC_MESSAGEMISSINGADDONS,				"MISSING ADDON: %1",	"ADDON MANQUANT: %1"
STR_WC_MESSAGEBUILDINGFINISHED,				"Building is finished",	"Construction terminee"
STR_WC_MESSAGESABOTING,						"Sabotaging",	"Sabotage en cours"
STR_WC_MESSAGESABOTINGFINISHED,				"Sabotaging is finished",	"Sabotage termine"
STR_WC_MESSAGEBUILDING,						"Building",	"En cours de construction"
STR_WC_MESSAGECLICKHALOJUMP,				"Click a position on map to jump",	"Cliquez sur la carte pour faire le halo jump"
STR_WC_MESSAGEHALOJUMPNEWONE,				"Return to halo jump flag to ask a new one",	"Retournez au drapeau pour demander un nouveau halo jump"
STR_WC_MESSAGEHALOJUMPINFORMATION,			"Choose the best safe position on map",	"Choisissez une position sécurisée sur la carte"
STR_WC_MESSAGECANCELHALOJUMPINFORMATION,	"You cancel the halo jump",	"Annulation du halo jump"
STR_WC_MESSAGEBUILDINGINFORMATION,			"During building time you can not move",	"Durant la construction, vous ne pouvez pas bouger."
STR_WC_MESSAGESABOTINGINFORMATION,			"During sabotaging time you can not move",	"Durant le sabotage, vous ne pouvez pas bouger."
STR_WC_MESSAGESTEALTHRUN,					"You should leave this area quickly",	"Quittez cette zone rapidement"
STR_WC_MESSAGECANBUILDTENT,					"Your tent already exists.",	"Une tente existe deja."
STR_WC_MESSAGEREMOVETENT,					"You must remove your tent to build a new one.",	"Vous devez demonter votre tente existante avant d'en construire une nouvelle."
STR_WC_MESSAGEDIGATRENCH,					"Dig a trench",	"Creuser une tranchee"
STR_WC_MESSAGECANDIG,						"Can't dig a trench here.",	"Vous ne pouvez pas creuser ici."
STR_WC_MESSAGEDETECTORIED,					"Ied detector",	"Detecteur Ied"
STR_WC_MESSAGESTEALTH,						"Stealth",	"Infiltration"
STR_WC_MESSAGEDEPLOYATENT,					"Deploy a tent",	"Deployer une tente"
STR_WC_MESSAGETRYTOMOVEAROUND,				"Check the ied presence",	"Verifiez la presence de l'engin explosif"
STR_WC_MESSAGETRYTOMOVEIN,					"Get a vehicle",	"Entrez dans le vehicule"
STR_WC_MESSAGETRYTOMOVEOUT,					"Try to move out of base",	"Eloignez vous de la base"
STR_WC_MESSAGETAKEABACKPACK,				"Take a backpack at base",	"Recuperez un sac à la base"
STR_WC_MESSAGEIEDHASBEENDETECT,				"Possible IED has been detected",	"La presence de quelque chose similaire a un ied a ete detecte"
STR_WC_MESSAGECANCREATETENT,				"Can't deploy a tent here.",	"Vous ne pouvez pas deployer de tente ici."
STR_WC_MESSAGEGOCLOSERUNFLIP,				"Get closer to the vehicle you want to unflip",	"Rapprochez vous du vehicule que vous voulez retourner"
STR_WC_MESSAGEGOCLOSERREPAIR,				"Get closer to the vehicle you want to repair",	"Rapprochez vous du vehicule que vous voulez reparer"
STR_WC_MESSAGENOVEHICLENEARYOU,				"There is no vehicle near your position",	"Il n y a pas de vehicules pres de vous"
STR_WC_MESSAGENEAR,							"Near %1",	"Pres de %1"
STR_WC_MESSAGEGOTO,							"Go to %1",	"Allez a %1"
STR_WC_MESSAGEWARNING,						"Warning",	"Attention"
STR_WC_MESSAGERESTARTGAME,					"Restart your game and load the correct addons",	"Redemarrez votre jeu et chargez les bons addons"
STR_WC_MESSAGENOTSYNC,						"Your game is not synchronized with the addons used by the server and may cause instability. Check the settings section in mission info.",	"Votre jeu n est pas synchonise avec les addons utilises par le serveur et cause des instabilites. Verifier les settings dans le menu mission info."
STR_WC_MESSAGEINITIALIZING,					"INITIALIZING MISSION",	"MISSION EN COURS D'INITIALISATION"
STR_WC_MESSAGEHASBEENDESTROYED,				"has been destroyed",	"a ete detruit"
STR_WC_MESSAGETAKISTANLOCALISED,			"Enemy units are localized",	"Les unites ennemies sont localises"
STR_WC_MISSIONCANCELED,						"Mission Cancelled",	"Mission abandonnée"
STR_WC_MESSAGELEAVEZONE,					"Leave the zone",	"Quittez la zone"
STR_WC_MESSAGEMISSIONCOMPLETED,				"Mission completed",	"Mission reussie"
STR_WC_MESSAGEMISSIONFAILED,				"Mission failed",	"Mission échouée"
STR_WC_MESSAGEMISSIONFINISHED,				"Mission %1 Finished",	"Mission %1 terminée"
STR_WC_MESSAGEMISSIONCOMMANDEMENT,			"Head Quarters",	"Etat major"
STR_WC_MESSAGNEXTSTEP,						"Next step in a few seconds",	"En attente d'ordres"
STR_WC_MESSAGEPROMOTED,						"You got promoted",	"Vous avez ete promu"
STR_WC_MESSAGEDEGRADED,						"You got demoted",	"Vous avez ete degrade"
STR_WC_MESSAGETORANK,						"to %1 rank",	"au rang de %1"
STR_WC_MESSAGETEAMPROMOTED,					"Your team got promoted",	"Votre equipe a ete promu"
STR_WC_MESSAGETEAMDEGRADED,					"Your team got demoted",	"Votre equipe a ete degrade"
STR_WC_MESSAGEPLAYERPROMOTED,				"%1 got promoted to %2 rank !",	"%1 a ete promu au rang de %2 !"
STR_WC_MESSAGEPLAYERDEGRADED,				"%1 got demoted to %2 rank !",	"%1 a ete degrade au rang de %2 !"
STR_WC_MESSAGEISLOCKED,						"%1 is locked",	"%1 est verouille"
STR_WC_MESSAGEUNLOCKING,					"unlocking %1",	"deverouillage de %1"
STR_WC_MESSAGELOCKING,						"locking %1",	"verouillage de %1"
STR_WC_MESSAGEISUNLOCKED,					"%1 is unlocked",	"%1 est deverouille"
STR_WC_MESSAGECANNOTREPAIR,					"You can't repair Vehicle. Too much damage.",	"Le vehicule est trop endommage. Vous ne pouvez pas le reparer."
STR_WC_MESSAGEANBOMBERMANEXPLOSION,			"A suicide bomber exploded near %1",	"Un homme bombe a explose a cote de %1"
STR_WC_MESSAGEMHQDEPLOYED,					"The MHQ has been deployed near mission zone",	"Le MHQ a ete deploye pres de la zone d insertion"
STR_WC_MESSAGEANIEDEXPLOSION,				"An IED exploded near %1",	"Un ied a explose a pres de %1"
STR_WC_MESSAGEANIEDEXPLOSIONNEARVEHICLE,	"An IED exploded near a friendly vehicle",	"Un ied a explose a cote d un vehicle allie"
STR_WC_MESSAGEABEENDETECTED,				"You have been detected",	"Vous avez ete reconnu"
STR_WC_MESSAGEABEENLOOKED,					"Someone looks at you insistently",	"Quelqu'un vous regarde avec insistance"
STR_WC_INFOPOINTSTOSHARE,					"Points to share",	"Points a partager"
STR_WC_WIN_MISSION,							"The war is won",	"La guerre est gagnee"
STR_WC_LOOSE_MISSION,						"The war is lost",	"La guerre est perdue"
STR_WC_BRIEFING,							"Briefing:\nYou have to complete %1 operations before to launch the final assault against the enemy leader.",	"Briefing:\nVous devez accomplir %1 missions avant de lancer l'assault final contre le leader enemi."
STR_WC_IASKILL,								"AI Skill: %1",	"Niveau de l'IA: %1"
STR_WC_TEAMSCORE,							"Team score: %1",	"Score de l'equipe: %1"
STR_WC_ENNEMYKILLED,						"Global enemies killed: %1",	"Enemis tues: %1"
STR_WC_AMMOUSED,							"Ammo used: %1",	"Munitions utilisees: %1"
STR_WC_REVIVELEFT,							"Revives left: %1",	"Reapparitions possibles: %1"
STR_WC_POINTSTOTRANSFERT,					"Transfer Points: %1/%2",	"Points a transferer: %1/%2"
STR_SENDREPORT,								"Transfer Points",	"Transferer des points"
STR_SENDREPORTTEXT,							"Transfer points allows to honor a player who has shown for his attitude, his sense of the game, or the team. More points player haves more luck he haves to be promoted in the team",	"Transferer des points permet d'honorer un joueur qui s'est illustré pour son attitude, son sens du jeu, ou du travail en équipe. Plus un joueur recevra de point de la part de ses coequipiers, plus il aura des chances d'etre promu dans l'équipe"
STR_WC_OPERATIONGOAL,						"Operation goal: \n%1",	"Objectif de la mission: \n%1"
STR_WC_NOTYETDEFINE,						"Not defined yet",	"Pas encore defini"
STR_WC_ACTUALLYYOURTEAMRANK,				"Actually your team rank is",	"Votre score d'equipe est"
STR_INTEL0,	"No intel availible for the area",	"Pas de macadamia intel pour la zone"
STR_INTEL1,	"Light vehicles and technicals spotted in the area", "Vehicules legers et technicals reperes dans la zone"
STR_INTEL2,	"Medium armor and apcs spotted in the area", "Armures moyennes et apcs repere dans la zone"
STR_INTEL3,	"Heavy armor group with apcs spotted in the area",	"Groupe armure lourde avec apcs repere dans la zone"
STR_ACGUI_MM_BTN_CLOSE,			"Close",	"Fermer"
STR_ACGUI_MM_BTN_Opt,			"Settings",	"Parametres"
STR_ACGUI_MM_BTN_Obj,			"Operation goal",	"Objectif"
STR_ACGUI_MM_LABEL,				"War in Chernarus",	"War in Chernarus"
STR_ACGUI_MM_BTN_LOGS,			"Admin",	"Admin"
STR_ACGUI_MM_BTN_CREDITS,		"Credits",	"Credits"
STR_ACGUI_MM_BTN_HBFIX,			"Fix Headbug",	"Fix Headbug"
STR_ACGUI_MM_BTN_WEAPONS,		"Export Weapons",	"Exporter armes"
STR_ACGUI_MM_BTN_TEAMSTATUS,	"Team status",	"Team status"
STR_ACGUI_VM_TXT_VD,			"View distance %1",	"Distance de vue %1"
STR_ACGUI_VM_TXT_TG,			"Ground texture %1",	"Texture du sol %1"
STR_ACGUI_VM_BTN_CLOSE,			"Ok",	"Valider"
STR_ACGUI_MM_BTN_TRANSFERT,		"Transfer",	"Transferer"
STR_R3F_REV_dontrespawnatbase,				"Only respawn if you have to! This game is played with medics who can revive you. If you can you should wait for them.",	"Vous ne devez pas respawn a la base. Cette mission se joue avec des medecins qui peuvent vous soigner, vous devez les attendre."
STR_R3F_REV_btn_reapparition,				"Respawn at camp",	"Reapparaitre au camp"
STR_R3F_REV_reapparition_camp_en_cours,		"Respawn at camp in progress...",	"Reapparition au camp en cours..."
STR_R3F_REV_attente_reanimation,			"You're waiting for a medic...",	"Vous etes en attente d'un medecin..."
STR_R3F_REV_marqueur_attente_reanimation,	"%1 unconscious",	"%1 inconscient"
STR_R3F_REV_nb_reanimations_plusieurs,		"You've been healed... You still have %1 possibilities of healing.",	"Vous avez ete soigne... Il vous reste %1 possibilites de reanimation."
STR_R3F_REV_nb_reanimations_une,			"You've been healed... You only have one possibility of healing before returning to base.",	"Vous avez ete soigne... Il ne vous reste plus qu'une reanimation possible avant retour au camp."
STR_R3F_REV_nb_reanimations_zero,			"You've been healed... It was your last possibility of healing.",	"Vous avez ete soigne...C'etait votre dernière possibilite de reanimation."
STR_R3F_REV_plus_de_reanimation,			"You've reached the limit of healing...",	"Vous avez atteint le nombre limite de reanimations..."
STR_R3F_REV_hors_jeu,						"You're now out of the game...",	"Vous etes à present hors jeu..."
STR_R3F_REV_respawn_camp,					"You respawn at camp...",	"Vous reapparaissez au camp..."
STR_R3F_REV_ne_pas_se_reanimer_soi_meme,	"You can't revive yourself.",	"Vous ne pouvez pas vous reanimer vous-meme."
STR_TSD9_01,	"Team Management",	"Team Management"
STR_TSD9_02,	"Close",	"Close"
STR_TSD9_03,	"My team",	"My team"
STR_TSD9_04,	"My group",	"My group"
STR_TSD9_05,	"Vehicle",	"Vehicle"
STR_TSD9_06,	"Opposition",	"Opposition"
STR_TSD9_07,	"Team",	"Team"
STR_TSD9_09,	"Group",	"Group"
STR_TSD9_11,	"+/-",	"+/-"
STR_TSD9_12,	"#",	"#"
STR_TSD9_13,	"Name",	"Name"
STR_TSD9_15,	"Seat",	"Seat"
STR_TSD9_16,	"Role",	"Role"
STR_TSD9_17,	"Gear",	"Gear"
STR_TSD9_18,	"Score",	"Score"
STR_TSD9_19,	"Command",	"Command"
STR_TSD9_20,	"Requires",	"Requires"
STR_TSD9_21,	"Pos",	"Pos"
STR_TSD9_23,	"My Prox",	"My Prox"
STR_TSD9_24,	"Target",	"Target"
STR_TSD9_25,	"Actions",	"Actions"
STR_TSD9_26,	"Pvt",	"Pvt"
STR_TSD9_27,	"Cpl",	"Cpl"
STR_TSD9_28,	"Sgt",	"Sgt"
STR_TSD9_29,	"Ltn",	"Ltn"
STR_TSD9_30,	"Cpt",	"Cpt"
STR_TSD9_31,	"Mjr",	"Mjr"
STR_TSD9_32,	"Col",	"Col"
STR_TSD9_33,	"A.I",	"A.I"
STR_TSD9_34,	"Dead",	"Dead"
STR_TSD9_35,	"Name unknown",	"Name unknown"
STR_TSD9_36,	"some",	"some"
STR_TSD9_37,	"TL",	"TL"
STR_TSD9_38,	"(My group)",	"(My group)"
STR_TSD9_39,	"Vacant Seats",	"Vacant Seats"
STR_TSD9_40,	"has left your group",	"has left your group"
STR_TSD9_41,	"has joined your group",	"has joined your group"
STR_TSD9_42,	"Your new Team Leader is",	"Your new Team Leader is"
STR_TSD9_43,	"has resigned",	"has resigned"
STR_TSD9_44,	"Player",	"Player"
STR_TSD9_45,	"was kicked from the group",	"was kicked from the group"
STR_TSD9_46,	"soldier was removed from group",	"soldier was removed from group"
STR_TSD9_47,	"+",	"+"
STR_TSD9_48,	"You are the new Team Leader",	"You are the new Team Leader"
STR_TSD9_49,	"has been replaced",	"has been replaced"
STR_TSD9_50,	"The Team Leader is no longer an AI player",	"The Team Leader is no longer an AI player"
STR_TSD9_51,	"New group",	"New group"
STR_TSD9_52,	"Join group",	"Join group"
STR_TSD9_53,	"Go TL",	"Go TL"
STR_TSD9_54,	"New TL",	"New TL"
STR_TSD9_55,	"Remove",	"Remove"
STR_TSD9_56,	"Kick",	"Kick"
STR_TSD9_57,	"Recruit",	"Recruit"
STR_TSD9_58,	"Invite",	"Invite"
STR_TSD9_59,	"No",	"No"
STR_TSD9_60,	"Passenger",	"Passenger"
STR_TSD9_61,	"was invited into group",	"was invited into group"
STR_TSD9_62,	"soldier was recruited into group",	"soldier was recruited into group"
STR_TSD9_63,	"you have been invited to join group",	"you have been invited to join group"
STR_TSD9_64,	"Collapse all",	"Collapse all"
STR_TSD9_65,	"Expand all",	"Expand all"
STR_R3F_VERSION,					"Version 1.01",	"Version 1.01"
STR_R3F_DEBUG_INFO_CAMERA,			"Right click for exiting camera mode",	"Pour sortir du mode Caméra => Click Droit"
STR_R3F_DEBUG_VELOCITY1,			"Velocity 1",	"Vélocité 1"
STR_R3F_DEBUG_VELOCITY2,			"Velocity 2",	"Vélocité 2"
STR_R3F_DEBUG_VELOCITY4,			"Velocity 4",	"Vélocité 4"
STR_R3F_DEBUG_VELOCITY8,			"Velocity 8",	"Vélocité 8"
STR_R3F_DEBUG_VELOCITY16,			"Velocity 16",	"Vélocité 16"
STR_R3F_DEBUG_VELOCITY32,			"Velocity 32",	"Vélocité 32"
STR_R3F_DEBUG_NEUTRALITY_ON,		"Neutrality ON",	"Mode neutre"
STR_R3F_DEBUG_NEUTRALITY_OFF,		"Neutrality OFF",	"Mode non-neutre"
STR_R3F_DEBUG_INITED,				"The [R3F] DEBUG is running on this mission.",	"Le [R3F] DEBUG est actif dans cette mission."
STR_R3F_DEBUG_BAD_INIT,				"A player has not the [R3F] DEBUG. You must init it on each player.",	"Un joueur n'a pas le [R3F] DEBUG. Vous devez l'initialiser chez chaque joueur."
STR_R3F_DEBUG_SHOW_AIS,				"Show AIs",	"Montrer IA"
STR_R3F_DEBUG_IA_SKILL,				"AI's Skill",	"Compétence IA"
STR_R3F_DEBUG_GOD_SIGHT,			"God Sight",	"Vue Divine"
STR_R3F_DEBUG_DISABLE_AI,			"Disable AIs",	"Désactiver IA"
STR_R3F_DEBUG_NEUTRAL,				"Neutral Player",	"Joueur Neutre"
STR_R3F_DEBUG_INVULNERABILITY,		"Invulnerability",	"Invulnérabilité"
STR_R3F_DEBUG_VELOCITY_MULT,		"Player Velocity",	"Velocité Joueur"
STR_R3F_DEBUG_INFINITE_AMMO,		"Infinite Ammo",	"Munitions Infinies"
STR_R3F_DEBUG_KILL_THEM_ALL,		"Kill Them All",	"Tuer les tous"
STR_R3F_DEBUG_CREATE_VEHICLE,		"Create Vehicle",	"Créer Véhicule"
STR_R3F_DEBUG_TELEPORT,				"Teleportation",	"Téléportation"
STR_R3F_DEBUG_CAMERA,				"Camera",	"Caméra"
STR_R3F_DEBUG_BIS_HELP,				"BIS Fnc Help",	"BIS Fnc Help"
STR_R3F_DEBUG_SCRIPT,				"Script command",	"Execution de scripts"
STR_R3F_DEBUG_LOGS,					"Log messages",	"Messages de log"
STR_R3F_DEBUG_SPY,					"Variables Watcher",	"Espion de Variables"
STR_R3F_DEBUG_SPY2,					"Watched variables list ALT+L",	"Liste des variables espionnées ALT+L"
STR_R3F_DEBUG_SHOW,					"Show",	"Montrer"
STR_R3F_DEBUG_HIDE,					"Hide",	"Masquer"
STR_R3F_DEBUG_ON,					"On",	"Activé"
STR_R3F_DEBUG_OFF,					"Off",	"Désactivé"
STR_R3F_DEBUG_POOR,					"Poor",	"Faible"
STR_R3F_DEBUG_NORMAL,				"Normal",	"Normal"
STR_R3F_DEBUG_GOOD,					"Good",	"Bon"
STR_R3F_DEBUG_PROCEED,				"Proceed",	"Utiliser"
STR_R3F_DEBUG_ACTIVEP,				"Active +",	"Activé +"
STR_R3F_DEBUG_CLICKONMAP_TELEPORT,	"Click on map to select the where you want to teleport to",	"Cliquez sur la map pour choisir la position de la téléportation"
STR_R3F_DEBUG_CLICKONMAP_CAMERA,	"Click on map to select the camera position",	"Cliquez sur la map pour choisir la position de la caméra"
STR_R3F_DEBUG_BTNOK,				"Ok",	"Ok"
STR_R3F_DEBUG_BTNCLOSE,				"Close",	"Fermer"
STR_R3F_DEBUG_BTNCANCEL,			"Cancel",	"Annuler"
STR_R3F_DEBUG_SCRIPT_TITLE,			"Script Editor",	"Editeur de script"
STR_R3F_DEBUG_BTNRAZ,				"Reset",	"R.A.Z"
STR_R3F_DEBUG_BTNEXEC,				"Run",	"Exécuter"
STR_R3F_DEBUG_BTNTERMINATE,			"Terminate",	"Terminer"
STR_R3F_DEBUG_TITLE_EDIT,			"Variable to watch : ",	"Variable à surveiller : "
STR_R3F_SPY_BTNADD,					"Add",	"Ajouter"
STR_R3F_SPY_BTNDEL,					"Delete",	"Supprimer"
STR_R3F_DEBUG_HINT,					"<t align=""left"">Enter the names of variables to monitor<br />You can also monitor functions<br />For example, enter: <t color='#f5ffbd'>Position player</t> for your position permanently.</t>",	"<t align=""left"">Saisissez les noms de variables à surveiller.<br />Vous pouvez aussi surveiller des fonctions<br />Entrez par exemple : <t color='#f5ffbd'>Position player</t> pour avoir en permanence votre position.</t>"